id,name,age,salary,join_date,score,category,dept_Finance,dept_HR,dept_IT,category_encoded
1,Alice,30,50000,2021-03-15,88,A,0,1,0,1
2,Bob,32,80000,2019-07-22,45,B,0,0,1,2
3,Charlie,60,60000,2020-11-01,92,A,1,0,0,1
4,Mac,39,120000,2015-05-30,10,C,0,0,1,3
5,Mia,22,30000,2023-01-10,77,B,0,1,0,2
6,Frank,38,95000,2017-08-19,55,A,1,0,0,1
7,Yuki,29,62000,2020-03-25,88,B,0,0,1,2
8,Hank,39,150000,2010-12-05,5,C,0,1,0,3
9,Iris,65,80000,2018-06-14,66,A,1,0,0,1
10,Jake,30,47000,2022-09-30,99,B,0,0,1,2
